,precision,recall,f1-score,support
anadenanthera,1.0,1.0,1.0,1.0
arecaceae,1.0,1.0,1.0,1.0
hyptis,1.0,1.0,1.0,1.0
matayba,1.0,1.0,1.0,1.0
mimosa,1.0,1.0,1.0,1.0
myrcia,1.0,0.5,0.6666666666666666,2.0
schinus,1.0,1.0,1.0,1.0
serjania,0.5,1.0,0.6666666666666666,1.0
urochloa,1.0,1.0,1.0,1.0
accuracy,0.9,0.9,0.9,0.9
macro avg,0.9444444444444444,0.9444444444444444,0.9259259259259258,10.0
weighted avg,0.95,0.9,0.9,10.0
